<?xml version="1.0" encoding="utf-8" ?>
<dwsync>
<file name="loginstyle.css" server="C:/xampp/htdocs/tracking/" local="132728135250000000" remote="132728135250000000" Dst="0" />
<file name="conn.php" server="C:/xampp/htdocs/tracking/" local="132767172870542859" remote="132767172870000000" Dst="0" />
<file name="addmember.php" server="C:/xampp/htdocs/tracking/" local="132776596476268990" remote="132776596470000000" Dst="0" />
<file name="snackbar.css" server="C:/xampp/htdocs/tracking/" local="132751579609723446" remote="132751579600000000" Dst="0" />
<file name="snackbar.js" server="C:/xampp/htdocs/tracking/" local="132751604637566134" remote="132751604630000000" Dst="0" />
<file name="reports.php" server="C:/xampp/htdocs/tracking/" local="132761130021955109" remote="132761130020000000" Dst="0" />
<file name="contact.html" server="C:/xampp/htdocs/tracking/" local="132747121500000000" remote="132747121500000000" Dst="0" />
<file name="member-edit.php" server="C:/xampp/htdocs/tracking/" local="132776592952221520" remote="132776592950000000" Dst="0" />
<file name="admin-login.php" server="C:/xampp/htdocs/tracking/" local="132795396386647121" remote="132795396380000000" Dst="0" />
<file name="member-register.php" server="C:/xampp/htdocs/tracking/" local="132751631301625710" remote="132751631300000000" Dst="0" />
<file name="member-profile.php" server="C:/xampp/htdocs/tracking/" local="132776593336925102" remote="132776593330000000" Dst="0" />
<file name="member-login-profile.php" server="C:/xampp/htdocs/tracking/" local="132795404685377177" remote="132795404680000000" Dst="0" />
<file name="admin-edit.php" server="C:/xampp/htdocs/tracking/" local="132776587902258967" remote="132776587900000000" Dst="0" />
<file name="announcement.php" server="C:/xampp/htdocs/tracking/" local="132767951073232180" remote="132767951070000000" Dst="0" />
<file name="gallery.php" server="C:/xampp/htdocs/tracking/" local="132775773484269773" remote="132775773480000000" Dst="0" />
<file name="admin-registration.html" server="C:/xampp/htdocs/tracking/" local="132748086000000000" remote="132748086000000000" Dst="0" />
<file name="member-enter.php" server="C:/xampp/htdocs/tracking/" local="132795218459323793" remote="132795218450000000" Dst="0" />
<file name="out.php" server="C:/xampp/htdocs/tracking/" local="132795374276685237" remote="132795374270000000" Dst="0" />
<file name="visitor-enter.php" server="C:/xampp/htdocs/tracking/" local="132795397986205667" remote="132795397980000000" Dst="0" />
<file name="forget-password.php" server="C:/xampp/htdocs/tracking/" local="132749645790000000" remote="132749645790000000" Dst="0" />
<file name="index.php" server="C:/xampp/htdocs/tracking/" local="132795362159609926" remote="132795362150000000" Dst="0" />
</dwsync>