<?xml version="1.0" encoding="utf-8" ?>
<dwsync>
<file name="logo.png" server="C:/xampp/htdocs/tracking/" local="132728135250000000" remote="132728135250000000" Dst="0" />
<file name="g1.jpg" server="C:/xampp/htdocs/tracking/" local="132728135250000000" remote="132728135250000000" Dst="0" />
<file name="g2.jpg" server="C:/xampp/htdocs/tracking/" local="132728135250000000" remote="132728135250000000" Dst="0" />
<file name="g3.jpg" server="C:/xampp/htdocs/tracking/" local="132728135250000000" remote="132728135250000000" Dst="0" />
<file name="g4.jpg" server="C:/xampp/htdocs/tracking/" local="132728135250000000" remote="132728135250000000" Dst="0" />
<file name="g5.jpg" server="C:/xampp/htdocs/tracking/" local="132728135250000000" remote="132728135250000000" Dst="0" />
<file name="g6.jpg" server="C:/xampp/htdocs/tracking/" local="132728135250000000" remote="132728135250000000" Dst="0" />
<file name="g7.jpg" server="C:/xampp/htdocs/tracking/" local="132728135250000000" remote="132728135250000000" Dst="0" />
<file name="g8.jpg" server="C:/xampp/htdocs/tracking/" local="132728135250000000" remote="132728135250000000" Dst="0" />
<file name="g9.jpg" server="C:/xampp/htdocs/tracking/" local="132728135250000000" remote="132728135250000000" Dst="0" />
<file name="g10.jpg" server="C:/xampp/htdocs/tracking/" local="132728135250000000" remote="132728135250000000" Dst="0" />
<file name="g11.jpg" server="C:/xampp/htdocs/tracking/" local="132728135250000000" remote="132728135250000000" Dst="0" />
<file name="g12.jpg" server="C:/xampp/htdocs/tracking/" local="132728135250000000" remote="132728135250000000" Dst="0" />
</dwsync>